{
  "HomePage" : {
    "transaction" : "HomePage",
    "sampleCount" : 10,
    "errorCount" : 4,
    "errorPct" : 40.0,
    "meanResTime" : 15283.8,
    "medianResTime" : 7563.5,
    "minResTime" : 1175.0,
    "maxResTime" : 34113.0,
    "pct1ResTime" : 33995.6,
    "pct2ResTime" : 34113.0,
    "pct3ResTime" : 34113.0,
    "throughput" : 0.28620492272467085,
    "receivedKBytesPerSec" : 33.5657444011162,
    "sentKBytesPerSec" : 0.03242165140240413
  },
  "Total" : {
    "transaction" : "Total",
    "sampleCount" : 30,
    "errorCount" : 14,
    "errorPct" : 46.666668,
    "meanResTime" : 14225.433333333334,
    "medianResTime" : 7425.0,
    "minResTime" : 332.0,
    "maxResTime" : 35858.0,
    "pct1ResTime" : 33994.0,
    "pct2ResTime" : 34898.25,
    "pct3ResTime" : 35858.0,
    "throughput" : 0.3048253858581343,
    "receivedKBytesPerSec" : 19.296210972824817,
    "sentKBytesPerSec" : 0.035820951918875805
  },
  "ContactPage" : {
    "transaction" : "ContactPage",
    "sampleCount" : 10,
    "errorCount" : 5,
    "errorPct" : 50.0,
    "meanResTime" : 13484.2,
    "medianResTime" : 5926.5,
    "minResTime" : 332.0,
    "maxResTime" : 35858.0,
    "pct1ResTime" : 35673.2,
    "pct2ResTime" : 35858.0,
    "pct3ResTime" : 35858.0,
    "throughput" : 0.150993537476596,
    "receivedKBytesPerSec" : 5.641599262207828,
    "sentKBytesPerSec" : 0.01828437367880655
  },
  "BlogPage" : {
    "transaction" : "BlogPage",
    "sampleCount" : 10,
    "errorCount" : 5,
    "errorPct" : 50.0,
    "meanResTime" : 13908.3,
    "medianResTime" : 9804.0,
    "minResTime" : 370.0,
    "maxResTime" : 33592.0,
    "pct1ResTime" : 33356.2,
    "pct2ResTime" : 33592.0,
    "pct3ResTime" : 33592.0,
    "throughput" : 0.10656095819613609,
    "receivedKBytesPerSec" : 3.757938791385612,
    "sentKBytesPerSec" : 0.012591675724348113
  }
}